date,store_id,product_id,sales,price,promotion,is_weekend,month
2022-10-11,1,101,164.4710908515819,17.225229750142223,0,0,10
2022-10-12,1,103,206.05893771962758,8.910127366108904,1,0,10
2022-10-13,1,102,144.65539324813003,9.453435114020644,0,0,10
2022-10-14,1,103,102.57096339955301,5.009412749426843,0,0,10
2022-10-15,1,103,57.831391536537,19.446411963467035,0,1,10
2022-10-16,3,103,76.80750922205429,18.763173418945172,0,1,10
2022-10-17,2,102,123.22900307155555,16.468523956391454,0,0,10
2022-10-18,3,101,156.65908200863385,6.186140314649721,0,0,10
2022-10-19,1,103,173.6609524129356,11.712543345492623,0,0,10
2022-10-20,1,103,150.9642932688251,6.528376309573292,0,0,10
2022-10-21,1,102,105.93992342330982,5.238804008941979,0,0,10
2022-10-22,1,103,133.33700172648528,14.242744478188959,1,1,10
2022-10-23,2,101,82.29571141431316,19.412441256202825,0,1,10
2022-10-24,1,102,123.77635209522671,18.54302035148225,0,0,10
2022-10-25,2,101,170.26523829470526,15.451322224031065,0,0,10
2022-10-26,1,101,177.32555896653417,6.449608762473071,0,0,10
2022-10-27,2,102,151.68697577500203,9.112460565084502,0,0,10
2022-10-28,3,103,110.7202903579582,9.800850903279365,0,0,10
2022-10-29,1,101,81.09776760072596,16.447250866183417,0,1,10
2022-10-30,2,101,94.1902043821014,17.033737688526713,0,1,10
2022-10-31,3,101,123.7272528496767,10.776591844848806,0,0,10
2022-11-01,1,101,171.2720876857178,11.268259949264145,0,0,11
2022-11-02,1,102,170.3878812652215,5.66763558914257,0,0,11
2022-11-03,1,102,151.8042788146567,9.337050776281416,0,0,11
2022-11-04,2,101,100.89206567989255,11.769277657664599,0,0,11
2022-11-05,2,103,94.3234906049396,6.754745695778864,0,1,11
2022-11-06,3,101,87.46933448273127,11.79901191132532,0,1,11
2022-11-07,2,103,130.05923363518457,17.797637183867003,0,0,11
2022-11-08,2,101,165.65634708376678,13.7198152958758,0,0,11
2022-11-09,1,103,175.82383171219365,6.183947825576185,0,0,11
2022-11-10,1,101,149.29131742976062,7.875069782454115,0,0,11
2022-11-11,1,103,114.42957444381017,12.118165252378343,0,0,11
2022-11-12,1,101,87.91083654295835,10.422307247327181,0,1,11
2022-11-13,1,101,143.0714176174242,10.380905293191482,1,1,11
2022-11-14,1,103,197.06274151257358,12.939011722153852,1,0,11
2022-11-15,1,102,171.38925998153113,13.76593882384186,0,0,11
2022-11-16,3,103,181.60390414784513,16.952923554142867,0,0,11
2022-11-17,3,102,162.11784455173589,10.11449845193727,0,0,11
2022-11-18,3,101,112.30183763501968,17.0819942456088,0,0,11
2022-11-19,3,103,95.82810363372826,10.07916843668949,0,1,11
2022-11-20,1,103,90.06739533733813,5.831494834118508,0,1,11
2022-11-21,3,103,146.74932137715876,13.312814765071867,0,0,11
2022-11-22,1,102,177.43701350510457,13.818534873422218,0,0,11
2022-11-23,3,102,227.06521616007717,19.0181036843279,1,0,11
2022-11-24,2,101,166.24868966123293,15.890919890937116,0,0,11
2022-11-25,3,102,116.47302144430819,18.766589787416592,0,0,11
2022-11-26,3,102,105.03880539650399,18.625208153645143,0,1,11
2022-11-27,1,101,114.31678259727437,14.068611653873631,0,1,11
2022-11-28,3,103,138.03655021458098,12.916430980046712,0,0,11
2022-11-29,2,103,177.76122878706232,13.361614507453998,0,0,11
2022-11-30,1,101,243.6094322877919,19.674962115158717,1,0,11
2022-12-01,1,103,165.644268850525,16.597515376204385,0,0,12
2022-12-02,3,102,157.8615492822125,6.593988571885937,1,0,12
2022-12-03,1,101,106.50219979804578,16.676426101721,0,1,12
2022-12-04,1,101,113.81272856032376,7.558070733473388,0,1,12
2022-12-05,1,101,195.9062780841639,11.710258235084385,1,0,12
2022-12-06,1,103,186.31951755809976,8.156895082648013,0,0,12
2022-12-07,1,101,211.64199894213309,15.343745982998447,0,0,12
2022-12-08,1,101,163.2611588913103,18.159646042895535,0,0,12
2022-12-09,2,101,118.54772266862568,9.355428280500213,0,0,12
2022-12-10,3,103,118.17388011620064,6.2301611181228145,0,1,12
2022-12-11,2,102,117.51035442351956,9.47739647112445,0,1,12
2022-12-12,1,101,154.286725424589,15.085427868982915,0,0,12
2022-12-13,1,102,189.06609688524313,9.93140191331675,0,0,12
2022-12-14,3,103,196.41157168221528,9.17168251330705,0,0,12
2022-12-15,2,103,178.05272698247262,7.766527858763974,0,0,12
2022-12-16,3,103,142.36028153131215,12.462746403116503,0,0,12
2022-12-17,2,103,111.00641895083658,9.139232422357814,0,1,12
2022-12-18,1,102,118.3618565100336,15.965155237092247,0,1,12
2022-12-19,3,101,189.84619887367063,6.149336029883041,1,0,12
2022-12-20,3,103,202.95245314135693,14.960495496669763,0,0,12
2022-12-21,1,103,194.31380852800808,8.563400218516549,0,0,12
2022-12-22,3,102,169.96980704484798,12.339188915774047,0,0,12
2022-12-23,2,102,132.2911630388083,9.291348830468909,0,0,12
2022-12-24,2,103,117.95005604232567,15.841530140161934,0,1,12
2022-12-25,2,101,124.31719954463294,19.17960560377455,0,1,12
2022-12-26,2,101,156.12216429179216,18.756151692047197,0,0,12
2022-12-27,1,103,208.92804557669353,13.751393227161367,0,0,12
2022-12-28,3,102,213.2979384206372,11.939154548854676,0,0,12
2022-12-29,2,103,183.9614127549961,17.274507641590727,0,0,12
2022-12-30,1,103,137.28918071145574,15.24989543941595,0,0,12
2022-12-31,3,102,106.95341992244998,7.7534617132539925,0,1,12
2023-01-01,3,103,127.32484229301491,17.313788204195003,0,1,1
2023-01-02,1,103,158.13301730129166,11.433265840920653,0,0,1
2023-01-03,1,103,217.9410392889007,7.834784899567627,0,0,1
2023-01-04,2,102,224.31200264280582,9.226960255947386,0,0,1
2023-01-05,3,101,182.9754769771647,9.012905453725136,0,0,1
2023-01-06,3,101,145.3021744236629,12.788104619051902,0,0,1
2023-01-07,1,102,122.96427293194948,8.515551360168132,0,1,1
2023-01-08,3,101,123.33248504139691,6.853497311023642,0,1,1
2023-01-09,2,103,178.13638118141597,6.855362759206411,0,0,1
2023-01-10,3,101,206.93905696154815,13.74914295708645,0,0,1
2023-01-11,1,103,209.30360835295392,16.02138933274068,0,0,1
2023-01-12,1,101,197.95960686979387,9.822995132575112,0,0,1
2023-01-13,2,102,149.27776685899948,5.519760647210256,0,0,1
2023-01-14,2,101,129.93026880005283,6.908373304055161,0,1,1
2023-01-15,3,101,133.28782807599623,18.720418405055856,0,1,1
2023-01-16,3,101,185.08001827290502,12.403154893841794,0,0,1
2023-01-17,1,102,210.86993846904429,11.803592144227622,0,0,1
2023-01-18,2,101,233.22068841532928,5.5707376746513635,0,0,1
2023-01-19,2,102,204.8618437155866,15.929555334753486,0,0,1
2023-01-20,2,103,152.16412311511328,12.921021213981184,0,0,1
2023-01-21,3,101,145.79971179915265,8.031214041297812,0,1,1
2023-01-22,2,102,138.13933016251028,6.6511064027158575,0,1,1
2023-01-23,1,102,237.73147200380413,10.750817954479977,1,0,1
2023-01-24,1,101,222.68249733173073,17.557429462925384,0,0,1
2023-01-25,3,103,227.0122565064916,17.979418388015368,0,0,1
2023-01-26,3,102,200.63141645566884,14.042695705934547,0,0,1
2023-01-27,2,101,154.91070244225665,15.91304640845214,0,0,1
2023-01-28,3,103,136.52230646494297,6.727336811043055,0,1,1
2023-01-29,1,102,135.83695602570606,13.821890982017823,0,1,1
2023-01-30,2,102,207.58423742569587,15.004485552307726,0,0,1
2023-01-31,1,103,282.9940099465148,8.010692643706882,1,0,1
2023-02-01,2,103,220.62914654727695,18.202320993653885,0,0,2
2023-02-02,3,101,207.21947799966728,7.924951062815296,0,0,2
2023-02-03,2,101,162.46899121329412,9.702160397696757,0,0,2
2023-02-04,2,102,137.04988700916064,14.30835270535188,0,1,2
2023-02-05,1,103,157.33290198875545,14.575250976960962,0,1,2
2023-02-06,1,103,190.04763182723767,15.490771114810508,0,0,2
2023-02-07,2,103,233.75719855604822,6.680175696023085,0,0,2
2023-02-08,3,102,256.024725736569,17.74196644892833,0,0,2
2023-02-09,3,103,204.57981363332817,12.992706984248898,0,0,2
2023-02-10,1,103,171.79320649525187,12.069826911576026,0,0,2
2023-02-11,3,102,139.3371158465829,19.716464367702642,0,1,2
2023-02-12,1,101,150.5822892486917,16.105674454115295,0,1,2
2023-02-13,3,101,196.2583335900134,6.770090399290623,0,0,2
2023-02-14,2,102,239.92838236533672,16.34808750839361,0,0,2
2023-02-15,1,103,241.155570846066,6.428734009593042,0,0,2
2023-02-16,1,102,225.66951124995677,5.412058437694773,0,0,2
2023-02-17,2,101,166.8409600188253,11.054388429048457,0,0,2
2023-02-18,1,101,151.3421411058544,19.90367259228828,0,1,2
2023-02-19,3,102,152.54381473372138,7.62325904292294,0,1,2
2023-02-20,3,102,198.1756006807833,15.089665152901851,0,0,2
2023-02-21,1,101,231.80064555654627,7.600940993091791,0,0,2
2023-02-22,3,102,308.02914264417177,15.871804624375791,1,0,2
2023-02-23,1,101,222.44958368560825,12.58030502356739,0,0,2
2023-02-24,2,102,185.57387291658964,15.199575651340645,0,0,2
2023-02-25,1,102,154.0272035885571,8.043097638713519,0,1,2
2023-02-26,2,102,170.18035010329857,16.18442498780753,0,1,2
2023-02-27,3,101,258.70384654778513,19.9342858943406,1,0,2
2023-02-28,2,102,310.0744718190616,14.984757509389397,1,0,2
2023-03-01,3,101,244.46913658314526,12.402199971093165,0,0,3
2023-03-02,1,101,212.8855341325804,18.84760982928897,0,0,3
2023-03-03,3,102,178.95813231463865,5.237777633478144,0,0,3
2023-03-04,1,102,151.3591843740649,15.948852789287317,0,1,3
2023-03-05,1,101,159.45948020392842,18.331197752207196,0,1,3
2023-03-06,2,101,211.98866962301568,5.9251187543143615,0,0,3
2023-03-07,2,103,239.50992964239822,11.750962556236374,0,0,3
2023-03-08,2,101,252.58643962279987,8.070791809249984,0,0,3
2023-03-09,2,103,229.94785643126775,13.497772483817451,0,0,3
2023-03-10,3,103,235.4129864387192,14.743144379054907,1,0,3
2023-03-11,3,103,159.31008512851497,9.539347743931325,0,1,3
2023-03-12,3,102,158.3539731717167,11.899725045171513,0,1,3
2023-03-13,1,102,200.8263123688875,9.190092279148391,0,0,3
2023-03-14,3,101,298.69044107758,10.540867466826707,1,0,3
2023-03-15,3,103,246.3091221289768,7.393099350326354,0,0,3
2023-03-16,3,102,224.61246298486628,18.28339165378447,0,0,3
2023-03-17,2,102,191.57113799172257,5.1501561583870465,0,0,3
2023-03-18,3,102,156.8574341521861,18.236137796656827,0,1,3
2023-03-19,1,102,174.84217536397554,13.575183175246078,0,1,3
2023-03-20,2,102,217.25504568720464,9.974867662655262,0,0,3
2023-03-21,1,103,250.65925660080345,15.845856881904947,0,0,3
2023-03-22,3,103,261.6180221496719,12.616282277939964,0,0,3
2023-03-23,2,103,226.86103409107332,12.486629871614099,0,0,3
2023-03-24,1,103,201.75912914877452,6.652134243784497,0,0,3
2023-03-25,3,101,168.98461227656244,10.842740389181131,0,1,3
2023-03-26,1,103,171.9083253923697,8.61596518785105,0,1,3
2023-03-27,1,102,205.259970640252,5.235438583944195,0,0,3
2023-03-28,1,103,254.6027776414505,10.401494461731698,0,0,3
2023-03-29,3,101,269.49997863616966,6.347331941384072,0,0,3
2023-03-30,3,102,231.6812836245789,8.852450565877778,0,0,3
2023-03-31,1,103,182.51754761554685,6.387749317746417,0,0,3
2023-04-01,2,103,168.68109388473997,6.514124383345983,0,1,4
2023-04-02,2,103,182.54278270331884,7.985169416227825,0,1,4
2023-04-03,3,102,215.83233459447698,19.997738667296005,0,0,4
2023-04-04,3,102,255.11299757905726,5.032762142858732,0,0,4
2023-04-05,3,101,263.94802231187737,14.580089541806078,0,0,4
2023-04-06,3,102,229.0671372172751,7.118655470398361,0,0,4
2023-04-07,3,102,255.5388885347049,18.809422050661638,1,0,4
2023-04-08,2,103,172.9425995597656,6.404493400004439,0,1,4
2023-04-09,3,102,175.74216739065696,19.325947806893545,0,1,4
2023-04-10,1,103,218.96965815603988,14.16389581225217,0,0,4
2023-04-11,1,103,310.15354996382285,5.0190211537323535,1,0,4
2023-04-12,2,102,262.9614767446427,18.41010796875209,0,0,4
2023-04-13,1,101,229.0188203521142,12.825677020503775,0,0,4
2023-04-14,2,101,196.73126083052384,8.94004602995727,0,0,4
2023-04-15,2,102,161.77115814711712,16.50918766273445,0,1,4
2023-04-16,1,101,177.50940921290777,18.89998330830305,0,1,4
2023-04-17,3,103,219.67577112835954,12.25536234720191,0,0,4
2023-04-18,1,103,262.83352841816384,9.733302116646662,0,0,4
2023-04-19,1,102,265.54596815674813,16.834176859023902,0,0,4
2023-04-20,2,101,233.54285509302952,15.226782466826819,0,0,4
2023-04-21,1,101,272.6015343728129,18.331287256254086,1,0,4
2023-04-22,2,103,160.17507733126007,15.387710191417895,0,1,4
2023-04-23,3,102,192.8537051043003,8.652925083493045,0,1,4
2023-04-24,3,101,213.9607569701784,18.974888746385286,0,0,4
2023-04-25,3,102,271.0595350284335,6.57253620808987,0,0,4
2023-04-26,1,101,268.71334383031245,9.019141251602719,0,0,4
2023-04-27,2,103,232.65196549834405,12.802919115858284,0,0,4
2023-04-28,3,103,188.24632695370246,13.48613039106352,0,0,4
2023-04-29,2,102,172.1688231529961,5.229658799403581,0,1,4
2023-04-30,2,103,179.79038579572352,16.7085908873141,0,1,4
2023-05-01,3,101,206.84080655964652,10.424109776380842,0,0,5
2023-05-02,3,103,258.8834043253218,11.096278115032067,0,0,5
2023-05-03,2,102,273.48150029142937,17.14054316655419,0,0,5
2023-05-04,3,102,244.36489308941375,10.689250875913167,0,0,5
2023-05-05,2,102,199.90452600595526,5.708373147421322,0,0,5
2023-05-06,2,101,170.77281021490938,7.646596557055254,0,1,5
2023-05-07,3,101,175.34069347995742,19.338547585822734,0,1,5
2023-05-08,1,101,218.33798338521933,6.056080436037712,0,0,5
2023-05-09,3,101,256.3280145550719,10.323968014520243,0,0,5
2023-05-10,1,101,255.87412376481188,12.547687505770169,0,0,5
2023-05-11,2,103,246.70612505068178,12.399212410078402,0,0,5
2023-05-12,2,101,199.19497692777597,5.059399145182141,0,0,5
2023-05-13,1,101,163.01310561746794,12.517440971862356,0,1,5
2023-05-14,2,103,178.5314737456018,10.756586869661138,0,1,5
2023-05-15,1,101,209.47990356870113,19.581190032118357,0,0,5
2023-05-16,1,102,250.42174418943958,7.387386259907448,0,0,5
2023-05-17,2,101,262.9203466630137,10.312312951392425,0,0,5
2023-05-18,1,101,244.70553910293708,11.292222276347296,0,0,5
2023-05-19,3,102,205.1482938947755,10.860403056514231,0,0,5
2023-05-20,3,102,165.92105091946354,14.987462414777937,0,1,5
2023-05-21,2,102,185.39478624744896,8.232692863216533,0,1,5
2023-05-22,2,102,209.2993353609172,8.316073292209877,0,0,5
2023-05-23,1,101,263.1980603653433,15.938164227512797,0,0,5
2023-05-24,1,102,258.6543250920113,12.504357780172695,0,0,5
2023-05-25,1,102,285.3499024003003,11.227335140859656,1,0,5
2023-05-26,1,103,192.7999803863152,7.538045775158777,0,0,5
2023-05-27,3,102,162.53280760532868,7.8129083436824995,0,1,5
2023-05-28,3,102,171.96743975957406,5.158274552238508,0,1,5
2023-05-29,2,103,203.83372391835135,6.371394032925639,0,0,5
2023-05-30,1,103,249.69503352586727,13.352580420353616,0,0,5
2023-05-31,1,101,260.11474350039566,18.37809695012615,0,0,5
2023-06-01,2,103,232.82270533300013,9.307471476958362,0,0,6
2023-06-02,1,101,190.18991429434223,9.916208388441923,0,0,6
2023-06-03,1,103,164.88883265121655,6.734084159172683,0,1,6
2023-06-04,1,103,169.29045835406168,10.829464184106541,0,1,6
2023-06-05,1,101,214.1246482527012,5.558325568539938,0,0,6
2023-06-06,1,103,250.95478530156402,18.764010443928505,0,0,6
2023-06-07,2,101,266.34425365602567,15.09667022186793,0,0,6
2023-06-08,1,103,293.2512686487496,19.86123214089828,1,0,6
2023-06-09,2,102,238.62476955267857,18.242347440177404,1,0,6
2023-06-10,1,103,210.7897458728664,12.09485890547229,1,1,6
2023-06-11,3,101,164.40848644714018,12.795275467255653,0,1,6
2023-06-12,3,103,210.21721822897086,7.858640697757908,0,0,6
2023-06-13,3,101,297.3861143359268,11.930590142593335,1,0,6
2023-06-14,3,101,252.38885608641525,18.545418102392176,0,0,6
2023-06-15,2,102,284.2453342507147,5.7628013545373165,1,0,6
2023-06-16,2,102,228.49756267705243,17.953352044974643,1,0,6
2023-06-17,1,101,155.0134190225989,10.114217024639146,0,1,6
2023-06-18,3,103,168.3691413410766,18.492691476444648,0,1,6
2023-06-19,2,101,205.1594203571686,19.11319859512227,0,0,6
2023-06-20,1,101,248.94765203704586,15.062973305028589,0,0,6
2023-06-21,1,103,246.29723295354913,14.966356798890168,0,0,6
2023-06-22,2,103,233.93803537849564,11.791315065631101,0,0,6
2023-06-23,3,103,198.24107448332865,17.53310336815561,0,0,6
2023-06-24,1,103,190.6211749197329,19.424191376499248,1,1,6
2023-06-25,3,101,170.2223226516274,16.62622700508679,0,1,6
2023-06-26,3,101,202.00142186530252,14.329051006350639,0,0,6
2023-06-27,3,102,250.77952846976933,14.10189343732005,0,0,6
2023-06-28,1,101,255.12004203814715,17.742048523754935,0,0,6
2023-06-29,3,103,278.16399490041454,13.118056486569476,1,0,6
2023-06-30,1,102,169.04893248671047,17.05789829373234,0,0,6
2023-07-01,3,103,140.68081025037546,12.633278827613687,0,1,7
2023-07-02,1,101,153.01948863611204,5.936664124608862,0,1,7
2023-07-03,3,102,216.7948431463924,10.759205133562329,0,0,7
2023-07-04,2,103,243.5702741698408,11.66661436507248,0,0,7
2023-07-05,3,102,248.9091820724087,7.124258674799258,0,0,7
2023-07-06,3,102,221.5414422885578,6.537444937838192,0,0,7
2023-07-07,1,101,170.83807252097205,13.031974244854311,0,0,7
2023-07-08,1,103,144.47155595044688,6.277154548341232,0,1,7
2023-07-09,3,102,161.81290991720192,9.544177518351258,0,1,7
2023-07-10,2,102,209.59200913087705,16.16895463944614,0,0,7
2023-07-11,2,103,283.978990528699,19.466482693519712,1,0,7
2023-07-12,1,102,252.71704007579055,15.768058708278929,0,0,7
2023-07-13,2,102,210.3562444391661,19.88938322679305,0,0,7
2023-07-14,3,102,172.66088160557007,15.47506956919104,0,0,7
2023-07-15,1,103,151.3034323831704,9.406917059814912,0,1,7
2023-07-16,3,103,161.6549114253358,15.080788107580428,0,1,7
2023-07-17,1,103,199.4451904414278,15.532351477953558,0,0,7
2023-07-18,1,103,234.23766539761735,10.57590476924691,0,0,7
2023-07-19,1,101,246.59573160937097,5.265707759140835,0,0,7
2023-07-20,1,102,218.24925883412968,15.547996771632304,0,0,7
2023-07-21,2,103,168.56925847270395,5.325501429133125,0,0,7
2023-07-22,3,102,145.22820678102977,14.467821170901068,0,1,7
2023-07-23,3,102,150.59711355353355,7.454247331138326,0,1,7
2023-07-24,3,101,192.40584533536423,13.48405291622065,0,0,7
2023-07-25,1,103,237.21779262474,12.558695380709,0,0,7
2023-07-26,2,103,243.59634496705488,5.202704634592738,0,0,7
2023-07-27,3,102,227.27136604926713,10.442987254926551,0,0,7
2023-07-28,2,103,179.61386090309355,14.01636751094454,0,0,7
2023-07-29,1,102,143.2962991186522,17.729098278481697,0,1,7
2023-07-30,3,102,156.68968352980318,18.329631707547758,0,1,7
2023-07-31,2,101,196.52387342844273,12.25774955049835,0,0,7
2023-08-01,1,101,223.36225176899967,15.926337309491572,0,0,8
2023-08-02,2,101,235.76820026477697,9.746818648001865,0,0,8
2023-08-03,3,102,223.4715744846616,10.132796086379862,0,0,8
2023-08-04,3,103,170.84337105872356,7.916952787734706,0,0,8
2023-08-05,1,101,139.55605089434897,13.42922164989859,0,1,8
2023-08-06,1,103,140.98060786415306,9.718462263910478,0,1,8
2023-08-07,1,101,206.84689202293035,6.265563446577575,0,0,8
2023-08-08,2,101,230.7182768148876,15.27509129994768,0,0,8
2023-08-09,2,102,235.15813417280395,15.616298114080973,0,0,8
2023-08-10,2,101,205.89630961763874,10.399886281685868,0,0,8
2023-08-11,1,101,165.30378946710792,6.150850991840342,0,0,8
2023-08-12,3,102,198.3534405267837,11.39446576105139,1,1,8
2023-08-13,3,103,155.51499642158723,11.635031870753231,0,1,8
2023-08-14,2,101,182.41954553505545,15.030063273468395,0,0,8
2023-08-15,2,102,224.33003350075268,9.731245868880253,0,0,8
2023-08-16,3,101,237.80982066434373,15.238989196719581,0,0,8
2023-08-17,3,102,207.58874071472465,18.072328126360823,0,0,8
2023-08-18,2,103,168.0377678961055,8.562290635432998,0,0,8
2023-08-19,2,103,134.82934023077667,19.6837933417985,0,1,8
2023-08-20,3,102,207.8538870718763,10.795522057052104,1,1,8
2023-08-21,1,102,201.2828580369026,9.008880277205925,0,0,8
2023-08-22,2,102,228.23797880274827,11.322667737654358,0,0,8
2023-08-23,3,103,240.76313763134326,6.415962138557887,0,0,8
2023-08-24,3,101,210.58815476697995,6.8855885976817355,0,0,8
2023-08-25,3,103,174.08399079430728,11.216510704524971,0,0,8
2023-08-26,3,102,132.92306986514433,16.436667829086502,0,1,8
2023-08-27,1,102,154.4763483972851,18.504683593617365,0,1,8
2023-08-28,3,103,178.473638302547,14.972269860744063,0,0,8
2023-08-29,2,102,232.4782742053069,6.578293328572546,0,0,8
2023-08-30,1,103,223.05358855316393,15.080296432708026,0,0,8
2023-08-31,3,102,278.01121489562314,14.53141881054458,1,0,8
2023-09-01,1,101,170.47661426768983,17.08645877439997,0,0,9
2023-09-02,2,101,130.36768009489444,17.378729999782713,0,1,9
2023-09-03,3,102,141.9735252228579,18.023046136684684,0,1,9
2023-09-04,2,103,191.0239459867809,11.211972718686475,0,0,9
2023-09-05,3,101,230.08226126722013,15.467965930282164,0,0,9
2023-09-06,3,103,233.7117876054167,9.023755383834661,0,0,9
2023-09-07,3,102,209.64231431931768,19.990044199752564,0,0,9
2023-09-08,3,103,170.24477072880677,7.630013620652899,0,0,9
2023-09-09,3,101,136.1915493917827,5.151716474912537,0,1,9
2023-09-10,1,103,149.85357481232597,7.23213071777264,0,1,9
2023-09-11,3,103,193.9606266782041,16.6380843431619,0,0,9
2023-09-12,3,102,235.07600708895615,11.701755147623173,0,0,9
2023-09-13,1,102,242.7630156761935,11.712503717156425,0,0,9
2023-09-14,1,102,210.75142472463222,19.325343794175026,0,0,9
2023-09-15,1,101,177.41214640237104,18.794523620421113,0,0,9
2023-09-16,1,101,139.41755600205244,9.667921067060139,0,1,9
2023-09-17,1,102,152.13856065414487,8.135871931712993,0,1,9
2023-09-18,1,102,175.30492256959664,17.727233149006096,0,0,9
2023-09-19,3,101,229.47992627309912,18.590286065665445,0,0,9
2023-09-20,3,101,229.22685372859536,13.123953841977304,0,0,9
2023-09-21,2,101,208.27545946554753,14.441355666756508,0,0,9
2023-09-22,3,101,172.99663781447646,8.853714270384401,0,0,9
2023-09-23,3,102,143.06274615340806,17.01204031967787,0,1,9
2023-09-24,1,101,147.84467362646453,14.481836426735347,0,1,9
2023-09-25,1,102,193.07216439184745,12.552702669469948,0,0,9
2023-09-26,3,103,225.30848486045065,5.901628341175938,0,0,9
2023-09-27,2,103,226.11689882673633,18.739024437667304,0,0,9
2023-09-28,1,101,207.22714260038663,14.23177130576609,0,0,9
2023-09-29,3,103,165.01009224724177,7.890366420394519,0,0,9
2023-09-30,3,103,140.13808684115898,14.095791754745791,0,1,9
2023-10-01,2,103,151.98199718802744,15.1619503135996,0,1,10
2023-10-02,2,101,190.27154907918558,12.886555050248383,0,0,10
2023-10-03,1,101,242.56999053547625,15.771526069340338,0,0,10
2023-10-04,2,103,300.4145676420709,13.721809218929364,1,0,10
2023-10-05,3,102,209.61299619308284,19.216543730482222,0,0,10
2023-10-06,3,103,181.4581359229495,5.805456178989602,0,0,10
2023-10-07,2,101,132.64830677876574,6.593685627043407,0,1,10
2023-10-08,2,101,142.55436114225242,7.605074554315098,0,1,10
2023-10-09,2,101,193.90600639013468,15.352566059064982,0,0,10
2023-10-10,2,103,277.5357539008151,14.68393809124713,1,0,10
2023-10-11,1,102,236.19898541034468,18.380882903145412,0,0,10
2023-10-12,2,101,249.4704948576364,15.993161793258476,1,0,10
2023-10-13,1,101,197.93958358350432,12.625332313468885,1,0,10
2023-10-14,3,103,141.5918278194128,19.877476886954454,0,1,10
2023-10-15,2,102,162.55928609529977,8.991619342539487,0,1,10
2023-10-16,1,103,190.97215641852887,17.49787489678181,0,0,10
2023-10-17,2,101,230.39365026803011,11.40185558290879,0,0,10
2023-10-18,3,102,236.38697656739666,14.731027083136013,0,0,10
2023-10-19,3,102,215.68181683279542,15.90902705678651,0,0,10
2023-10-20,3,101,176.64899243014236,14.506311307855045,0,0,10
2023-10-21,2,102,134.9607878431696,7.107609546628899,0,1,10
2023-10-22,2,102,149.9880194136169,11.644265161218991,0,1,10
2023-10-23,1,103,203.46035861078775,13.421575668996866,0,0,10
2023-10-24,3,101,238.94099929170127,17.73565638767895,0,0,10
2023-10-25,2,101,243.99313285346798,11.654686231978584,0,0,10
2023-10-26,3,101,218.34642338639398,18.781209572063773,0,0,10
2023-10-27,3,101,173.3716749363193,11.60561334537816,0,0,10
2023-10-28,1,101,145.741154777818,13.231697888945174,0,1,10
2023-10-29,1,102,161.8256621594887,16.944285244142016,0,1,10
2023-10-30,1,103,203.35485157857596,13.746015266332154,0,0,10
2023-10-31,1,101,249.8919000461513,19.403271085742368,0,0,10
2023-11-01,3,103,242.99998224448052,14.905037457711913,0,0,11
2023-11-02,1,103,226.40874568508127,12.840641811014017,0,0,11
2023-11-03,1,102,165.48897797597394,5.353879516711938,0,0,11
2023-11-04,1,101,151.91293009975237,11.205993463704948,0,1,11
2023-11-05,1,102,232.64067106157,9.488726288902406,1,1,11
2023-11-06,3,101,203.63398167920582,16.22158501831234,0,0,11
2023-11-07,1,102,256.22388083165913,8.124165127303186,0,0,11
2023-11-08,3,103,260.38424164252956,8.078301309411078,0,0,11
2023-11-09,2,101,224.84469613205346,7.8427856485606515,0,0,11
2023-11-10,3,103,241.16926582241013,6.884234197343539,1,0,11
2023-11-11,3,103,149.45043886366994,9.66510505506331,0,1,11
2023-11-12,1,102,152.63873110172113,18.288831716651377,0,1,11
2023-11-13,2,101,210.27051704878303,16.623927084589326,0,0,11
2023-11-14,2,103,243.9089433143618,16.028768244601903,0,0,11
2023-11-15,2,102,250.1171545402939,16.960052084749442,0,0,11
2023-11-16,2,101,297.54479143115094,9.041268339943574,1,0,11
2023-11-17,3,101,199.80254371305315,18.31162536128732,0,0,11
2023-11-18,2,103,157.32270205487947,7.059550627124066,0,1,11
2023-11-19,3,101,162.55599819249102,10.04518590073373,0,1,11
2023-11-20,3,103,214.23204253381272,13.801221784510144,0,0,11
2023-11-21,3,101,245.91396857363333,6.54357632513001,0,0,11
2023-11-22,2,102,249.1649080638673,15.951952816646374,0,0,11
2023-11-23,1,103,290.21498717457905,10.808690723052123,1,0,11
2023-11-24,1,103,197.9333888225502,16.766084984126003,0,0,11
2023-11-25,2,101,176.493885864168,12.39344428376904,0,1,11
2023-11-26,1,101,221.4264450060847,7.7131178663800455,1,1,11
2023-11-27,1,103,244.46775335423678,16.021427170330163,1,0,11
2023-11-28,3,101,249.2011974110556,8.782159337584154,0,0,11
2023-11-29,3,102,261.4891233458251,12.362154519020642,0,0,11
2023-11-30,2,101,231.07480181799446,6.132999037353614,0,0,11
2023-12-01,2,102,195.32896801184225,14.26799981618055,0,0,12
2023-12-02,1,102,173.923821369593,14.987866493244159,0,1,12
2023-12-03,3,102,175.23009435680854,10.680113149591755,0,1,12
2023-12-04,2,102,221.97737575679832,19.316341704816107,0,0,12
2023-12-05,2,102,262.72877795527324,18.112533822231025,0,0,12
2023-12-06,2,101,273.0474121168625,15.619113736099921,0,0,12
2023-12-07,2,102,237.6628633619929,15.70478111740614,0,0,12
2023-12-08,2,101,193.94585805262756,8.78602572413227,0,0,12
2023-12-09,2,102,178.56858708848546,14.852228466326734,0,1,12
2023-12-10,1,103,182.9017746749634,7.973093978532795,0,1,12
2023-12-11,3,102,220.67500161999413,7.160048358797332,0,0,12
2023-12-12,3,103,277.45137262106357,19.992018413038704,0,0,12
2023-12-13,2,102,272.7939914440059,14.335638972097613,0,0,12
2023-12-14,3,102,239.43243610207512,11.464818089857857,0,0,12
2023-12-15,3,102,196.7374261437899,9.32246784325927,0,0,12
2023-12-16,3,103,175.38114595117196,14.058806654933411,0,1,12
2023-12-17,2,103,176.73431350959936,5.743902623301292,0,1,12
2023-12-18,2,102,238.5265037065082,6.420214857571926,0,0,12
2023-12-19,3,101,273.3208156201634,5.492850466105946,0,0,12
2023-12-20,3,102,288.6803477001197,12.487547498939925,0,0,12
2023-12-21,2,103,247.33467294786792,14.009099437807738,0,0,12
2023-12-22,1,102,205.65450620616525,5.937196420367313,0,0,12
2023-12-23,3,103,176.3120274586681,15.818367012483748,0,1,12
2023-12-24,1,103,193.67795060108844,8.455926072718466,0,1,12
2023-12-25,3,103,224.48184674110752,15.278021806547992,0,0,12
2023-12-26,1,102,313.385018590537,19.728457100528686,1,0,12
2023-12-27,1,103,283.65594013545626,15.366588050807767,0,0,12
2023-12-28,1,103,267.318802840497,18.247895793854127,0,0,12
2023-12-29,2,102,214.64611191631337,19.222977601146013,0,0,12
2023-12-30,1,103,247.01183813398129,12.301265725284733,1,1,12
2023-12-31,1,102,241.1194292010038,15.534874691295602,1,1,12
2024-01-01,1,103,242.4894894894895,17.779538803337626,0,0,1
2024-01-02,3,101,275.2976644977663,10.349133693115792,0,0,1
2024-01-03,1,101,284.6689338476634,8.920959748405924,0,0,1
2024-01-04,3,103,260.3328670626656,19.19897859167508,0,0,1
2024-01-05,1,101,219.66017613848197,15.89455250553227,0,0,1
2024-01-06,1,102,183.32303884352274,8.295232000637395,0,1,1
2024-01-07,2,101,280.48926086725544,11.7362508901417,1,1,1
2024-01-08,3,103,251.49713223787145,16.94677654306714,0,0,1
2024-01-09,1,103,289.30102837789053,13.205944863776631,0,0,1
2024-01-10,3,102,298.66695152031093,14.749281472488336,0,0,1
2024-01-11,3,103,262.32447277281375,16.306523030675784,0,0,1
2024-01-12,2,102,230.6443060311111,14.330137832134708,0,0,1
2024-01-13,2,101,193.2986312788593,13.101189828832936,0,1,1
2024-01-14,2,101,221.65816335881559,16.244214265816602,0,1,1
2024-01-15,2,102,243.4524752724708,15.91344553148301,0,0,1
2024-01-16,2,102,284.2446654693796,14.448086002747683,0,0,1
2024-01-17,2,103,287.59783302780704,10.396841200728943,0,0,1
2024-01-18,2,101,321.74877738452903,11.087181383004074,1,0,1
2024-01-19,2,102,236.54654287690386,19.55657823326146,0,0,1
2024-01-20,1,101,200.18498753497306,6.685788984372888,0,1,1
2024-01-21,3,102,209.5276063579154,9.02757375879253,0,1,1
2024-01-22,2,101,264.30397735898487,12.386026388065035,0,0,1
2024-01-23,2,103,337.5182478419793,17.55094529215679,1,0,1
2024-01-24,3,101,305.41039189049343,7.455134955945918,0,0,1
2024-01-25,1,101,326.36841054244064,9.154319271869149,1,0,1
2024-01-26,3,101,246.3161156169861,5.986973266928585,0,0,1
2024-01-27,3,101,199.93156686211648,15.589778990762277,0,1,1
2024-01-28,2,101,212.2502010237057,8.573141532134242,0,1,1
2024-01-29,3,103,282.90519303526855,10.830121260064256,1,0,1
2024-01-30,3,102,295.74888462217046,11.655521705445018,0,0,1
2024-01-31,2,101,314.05515760938596,18.369709034096836,0,0,1
2024-02-01,2,103,333.59989240955264,11.169954354968553,1,0,2
2024-02-02,2,101,235.9041771609845,7.178375298728736,0,0,2
2024-02-03,2,101,218.48985563315395,12.864724075101815,0,1,2
2024-02-04,3,102,219.7777815679234,19.444369919729446,0,1,2
2024-02-05,3,101,269.49754918523,14.115284615762166,0,0,2
2024-02-06,1,103,312.2122790237122,19.75080830690859,0,0,2
2024-02-07,1,103,305.485093114811,17.61660963408305,0,0,2
2024-02-08,3,102,327.908445187379,5.539486343201192,1,0,2
2024-02-09,1,101,243.2645127946454,14.875993930655628,0,0,2
2024-02-10,3,103,210.81407091511164,9.301503163368256,0,1,2
2024-02-11,1,101,278.709710979448,13.394252834670858,1,1,2
2024-02-12,2,101,267.7469364451663,9.190177863968398,0,0,2
2024-02-13,1,101,323.422980786488,10.233056249079356,0,0,2
2024-02-14,2,102,316.65627692409953,18.84753067631269,0,0,2
2024-02-15,2,101,295.1764352659259,8.09964777337558,0,0,2
2024-02-16,2,103,247.35421041127404,18.111636770387456,0,0,2
2024-02-17,2,101,224.8618244386851,5.456867121057452,0,1,2
2024-02-18,1,103,235.07003566461717,6.363148075544726,0,1,2
2024-02-19,3,101,269.708461930196,17.820125620763953,0,0,2
2024-02-20,2,103,305.34024787725787,14.45834046363793,0,0,2
2024-02-21,1,103,389.4490312802093,16.208542070593253,1,0,2
2024-02-22,2,101,346.9117977458761,8.141265062327815,1,0,2
2024-02-23,1,101,261.13428284692554,13.056251833851553,0,0,2
2024-02-24,1,103,229.59473733644944,16.058288353569573,0,1,2
2024-02-25,1,102,243.7550981473198,14.409712055153937,0,1,2
2024-02-26,3,101,277.3449972997731,12.075481503368142,0,0,2
2024-02-27,1,102,313.9275938152767,19.39675679656572,0,0,2
2024-02-28,1,101,328.0660488792266,15.142360001801679,0,0,2
2024-02-29,3,101,329.12794727197206,18.616262003618566,1,0,2
2024-03-01,3,101,260.5702332938977,15.946557673605218,0,0,3
2024-03-02,1,101,274.9453306727597,16.031952928965246,1,1,3
2024-03-03,3,102,241.0870789328277,6.20027404636519,0,1,3
2024-03-04,2,101,282.62412740040304,10.391969327809154,0,0,3
2024-03-05,2,103,312.15331681949027,17.875541100794877,0,0,3
2024-03-06,3,103,379.17711508576207,8.48905793223134,1,0,3
2024-03-07,3,102,303.60730404265973,6.732587992346993,0,0,3
2024-03-08,1,101,264.632555592585,9.891590849581902,0,0,3
2024-03-09,3,103,224.98584612551096,8.30656827338921,0,1,3
2024-03-10,1,102,241.03797968727773,18.879322921897327,0,1,3
2024-03-11,2,101,281.51862036819125,18.019499630031966,0,0,3
2024-03-12,3,103,366.6648827060811,12.495248454243562,1,0,3
2024-03-13,1,103,318.0181911358094,5.92015811725802,0,0,3
2024-03-14,1,102,313.32998654883664,15.718435191397344,0,0,3
2024-03-15,2,101,258.29716214618355,14.351175970043968,0,0,3
2024-03-16,3,101,275.8424048446283,19.558320060927436,1,1,3
2024-03-17,2,103,237.58532871094886,13.384298604055655,0,1,3
2024-03-18,1,103,278.00682256045013,10.045905851043642,0,0,3
2024-03-19,1,103,321.4196928836792,12.785325403678335,0,0,3
2024-03-20,3,101,340.38715115956614,19.688949371067743,0,0,3
2024-03-21,1,102,296.6388865695317,15.445436487995458,0,0,3
2024-03-22,3,102,265.5457332523906,15.079642068905766,0,0,3
2024-03-23,2,101,230.77999356863432,8.610223845888282,0,1,3
2024-03-24,3,102,241.7125068353252,16.154037763409264,0,1,3
2024-03-25,3,103,354.25063558084713,16.25407744207658,1,0,3
2024-03-26,1,102,385.3266933268998,9.75933475663858,1,0,3
2024-03-27,1,102,325.33067220021326,12.255707485860697,0,0,3
2024-03-28,3,102,308.5208430560295,9.41904999410684,0,0,3
2024-03-29,1,103,304.24762046239454,8.8805760548643,1,0,3
2024-03-30,1,101,234.53841203540668,5.3884410537422776,0,1,3
2024-03-31,1,103,242.40898844350275,9.27817616979998,0,1,3
2024-04-01,3,101,275.7074298997934,13.309549248174124,0,0,4
2024-04-02,1,101,330.99698179095157,5.0240178132354325,0,0,4
2024-04-03,3,101,390.40739138679106,9.248286257145011,1,0,4
2024-04-04,1,102,310.96888673173726,18.221154984848752,0,0,4
2024-04-05,2,102,264.7518363785923,13.904728776610412,0,0,4
2024-04-06,1,101,244.8620801522426,14.117942361214707,0,1,4
2024-04-07,1,101,256.6704941185284,11.0504645753953,0,1,4
2024-04-08,3,102,285.9068145871315,15.147082152386165,0,0,4
2024-04-09,3,103,327.13430535251445,7.8489914934553875,0,0,4
2024-04-10,1,101,323.91623282557094,17.281202155762877,0,0,4
2024-04-11,2,103,312.98234116450254,6.750336799038497,0,0,4
2024-04-12,1,102,269.7035195134315,14.84002031979664,0,0,4
2024-04-13,1,101,243.75212525038364,10.117239887295245,0,1,4
2024-04-14,2,103,240.49905270587988,16.21269455873715,0,1,4
2024-04-15,3,103,289.6740564093824,13.2464682689903,0,0,4
2024-04-16,1,103,325.84041832483416,11.785295577180744,0,0,4
2024-04-17,3,102,339.5614229769265,7.541336031398705,0,0,4
2024-04-18,3,102,313.5668325766079,14.552321964265293,0,0,4
2024-04-19,2,103,264.2275542543468,19.621547651306194,0,0,4
2024-04-20,2,103,242.2159633027855,17.384051373605224,0,1,4
2024-04-21,3,102,254.90297189002283,5.900122888835177,0,1,4
2024-04-22,1,103,290.01835230077484,10.643440675417867,0,0,4
2024-04-23,3,103,314.125404166653,18.883745137854078,0,0,4
2024-04-24,1,102,335.7874295871963,12.545656213355322,0,0,4
2024-04-25,1,103,309.73420825017223,14.931677387122688,0,0,4
2024-04-26,2,103,273.3366646596613,18.688990183870857,0,0,4
2024-04-27,1,103,255.2671913735623,18.10692035629821,0,1,4
2024-04-28,1,102,254.8967177117589,12.527305633107664,0,1,4
2024-04-29,3,103,287.9550329921981,11.564694539864032,0,0,4
2024-04-30,2,102,343.0054537561211,10.095389277193807,0,0,4
2024-05-01,1,102,374.9425118999303,15.785291647443367,1,0,5
2024-05-02,1,101,301.50236471128915,9.304801992073148,0,0,5
2024-05-03,2,101,270.049592250731,8.748314096463503,0,0,5
2024-05-04,3,103,233.925390425815,10.343748419056702,0,1,5
2024-05-05,2,102,252.50070477367214,7.6582258531818805,0,1,5
2024-05-06,2,101,297.505340676432,15.42679723918651,0,0,5
2024-05-07,1,103,325.5026305816939,14.243609739959185,0,0,5
2024-05-08,1,101,357.1454861923856,12.243178011737655,1,0,5
2024-05-09,3,101,315.8949881846717,10.854886688923319,0,0,5
2024-05-10,1,102,311.3088642660245,18.63593814345097,1,0,5
2024-05-11,1,102,235.21584134763575,5.4368567748365795,0,1,5
2024-05-12,2,101,254.7410001762307,16.53661615260949,0,1,5
2024-05-13,1,101,293.6961209420764,18.528643576233332,0,0,5
2024-05-14,3,102,378.4374657611866,11.69531869144889,1,0,5
2024-05-15,2,103,330.1496387482023,13.260357372059701,0,0,5
2024-05-16,3,102,310.9412110828735,19.16695531823057,0,0,5
2024-05-17,2,101,255.39023826425435,8.184162729282717,0,0,5
2024-05-18,1,103,246.1691583146353,12.802022716770274,0,1,5
2024-05-19,2,101,233.6489454782263,12.120816906923194,0,1,5
2024-05-20,2,103,291.5594334439235,8.875889718055552,0,0,5
2024-05-21,1,101,337.4639825573918,17.278898455596618,0,0,5
2024-05-22,1,103,325.925954924106,18.49400892144854,0,0,5
2024-05-23,3,103,313.67518951187105,16.728988696823134,0,0,5
2024-05-24,3,101,261.0826693613402,7.930384412729126,0,0,5
2024-05-25,1,103,235.82084480617505,6.301229532520724,0,1,5
2024-05-26,1,102,238.2607021640914,14.081667279580135,0,1,5
2024-05-27,1,101,293.1320869560486,5.856421407648259,0,0,5
2024-05-28,2,102,330.9983711148259,15.092388328371264,0,0,5
2024-05-29,2,101,334.42292808463003,12.95636330490864,0,0,5
2024-05-30,2,103,312.13560792025544,14.941785991154953,0,0,5
2024-05-31,1,103,254.5074044943174,13.85256160474616,0,0,5
2024-06-01,3,103,246.21077871420206,11.340538542907591,0,1,6
2024-06-02,1,101,240.61672720997933,8.013157702103424,0,1,6
2024-06-03,2,102,280.45510555053625,9.585532037157328,0,0,6
2024-06-04,2,102,305.2892954491758,12.867508613284647,0,0,6
2024-06-05,1,101,335.68267986032674,14.778021404714089,0,0,6
2024-06-06,1,101,301.36511807588545,16.692245253267927,0,0,6
2024-06-07,2,102,257.70761292971184,16.507560776735914,0,0,6
2024-06-08,2,102,229.38263401192415,19.59033114891628,0,1,6
2024-06-09,2,102,242.761186354239,9.287621729951141,0,1,6
2024-06-10,1,102,287.57313364361477,6.066660623201551,0,0,6
2024-06-11,2,101,329.3818654254454,10.18485403312789,0,0,6
2024-06-12,2,101,325.75077219794923,16.14941712836115,0,0,6
2024-06-13,3,103,302.4097205062751,11.571674765499427,0,0,6
2024-06-14,1,102,257.72972014484935,17.26682645884129,0,0,6
2024-06-15,3,103,229.38324736960803,13.239895477790224,0,1,6
2024-06-16,3,101,242.74131358136165,18.946875839457547,0,1,6
2024-06-17,2,101,326.3805915962003,19.217951629986032,1,0,6
2024-06-18,1,103,317.32406755364315,6.039567590281231,0,0,6
2024-06-19,2,102,337.67554659580856,11.846201595686365,0,0,6
2024-06-20,1,102,304.31809737340893,14.14533591874352,0,0,6
2024-06-21,3,102,259.6227345398129,8.838088112183192,0,0,6
2024-06-22,1,102,224.26193890318848,11.106151690684705,0,1,6
2024-06-23,2,103,240.60672610851907,15.165223116765475,0,1,6
2024-06-24,2,103,273.386969848102,8.401013403475421,0,0,6
2024-06-25,2,101,325.1660690617771,14.029720294616787,0,0,6
2024-06-26,1,102,321.50742302853206,15.461717422464591,0,0,6
2024-06-27,3,102,294.14090645800695,6.357444666438001,0,0,6
2024-06-28,3,102,244.4375366904212,12.462939740411791,0,0,6
2024-06-29,1,103,218.0697969065703,8.94620044886286,0,1,6
2024-06-30,2,102,238.40870480913824,15.865795339970669,0,1,6
2024-07-01,3,103,262.18413583258655,7.843332628054107,0,0,7
2024-07-02,2,102,308.959490342867,18.383568733071595,0,0,7
2024-07-03,1,102,313.29816872860357,11.464120047774903,0,0,7
2024-07-04,2,101,307.9300464922685,7.970045454613302,0,0,7
2024-07-05,3,102,254.22614144987503,11.57032694525494,0,0,7
2024-07-06,3,102,229.85893694083185,11.131156442127917,0,1,7
2024-07-07,2,101,233.19945050920967,11.433784392405654,0,1,7
2024-07-08,1,103,270.97755711367654,13.783419402461703,0,0,7
2024-07-09,2,103,317.75665632735155,12.817605873703062,0,0,7
2024-07-10,1,102,314.1001474292227,7.24665697521354,0,0,7
2024-07-11,2,103,287.73790449565035,5.983686089699544,0,0,7
2024-07-12,3,102,246.04094360048336,15.941231730898108,0,0,7
2024-07-13,1,101,231.68174602542987,13.395761538924702,0,1,7
2024-07-14,1,101,237.03132694193317,10.385011521188956,0,1,7
2024-07-15,1,102,267.81955862181036,17.125367337471108,0,0,7
2024-07-16,3,101,302.60983763790233,10.820877113914355,0,0,7
2024-07-17,2,101,312.96555995638005,16.939476344009115,0,0,7
2024-07-18,3,102,291.6165960292308,9.58634191268562,0,0,7
2024-07-19,1,102,247.93395799544692,6.092679463177996,0,0,7
2024-07-20,2,101,218.59012289256378,18.989595406998937,0,1,7
2024-07-21,3,103,238.95610133979253,10.918266939220597,0,1,7
2024-07-22,1,103,265.76176075000814,16.89038859274067,0,0,7
2024-07-23,1,102,305.5704925318388,9.187161998334567,0,0,7
2024-07-24,3,102,315.94568718350274,14.69547668185484,0,0,7
2024-07-25,3,103,292.6172093869146,18.099663098865925,0,0,7
2024-07-26,3,101,245.9560652105844,5.624660335099705,0,0,7
2024-07-27,1,103,226.6347253229533,17.45953647029134,0,1,7
2024-07-28,3,103,227.02419367741498,13.56999507457893,0,1,7
2024-07-29,1,103,260.8543307262778,14.112076308628538,0,0,7
2024-07-30,3,103,302.6885206249173,12.84737001208974,0,0,7
2024-07-31,1,102,310.0901463277624,18.117126549254635,0,0,7
2024-08-01,1,102,272.7890646846368,5.651500358534562,0,0,8
2024-08-02,2,101,304.89101222083207,8.915425873037721,1,0,8
2024-08-03,3,101,220.86423547858334,18.13643808288733,0,1,8
2024-08-04,3,101,235.2839454531117,16.285185537979338,0,1,8
2024-08-05,1,101,267.1452550606276,5.264677402679087,0,0,8
2024-08-06,1,103,300.0115392194049,12.75509424814563,0,0,8
2024-08-07,1,102,314.4461713736503,12.943590210690122,0,0,8
2024-08-08,2,102,281.1789985926638,11.013232026918656,0,0,8
2024-08-09,2,101,255.581008778956,9.460899980929845,0,0,8
2024-08-10,1,101,211.32465388696772,15.225872756185131,0,1,8
2024-08-11,3,103,228.78091861363572,8.116856970571307,0,1,8
2024-08-12,3,103,266.6796436180618,16.984228431075593,0,0,8
2024-08-13,2,101,310.58419273153004,17.04555741151208,0,0,8
2024-08-14,2,102,308.0579280595154,11.228921563592309,0,0,8
2024-08-15,1,102,280.83068508420354,9.253220163644714,0,0,8
2024-08-16,3,102,265.6658122844837,9.258172723860698,1,0,8
2024-08-17,1,101,215.05863231596533,12.23436985994315,0,1,8
2024-08-18,2,102,220.5572347895394,15.793688371240382,0,1,8
2024-08-19,3,103,335.3966029511053,10.383030364907881,1,0,8
2024-08-20,3,103,299.44750523337717,14.150650181866272,0,0,8
2024-08-21,2,101,316.965873361511,10.737266908738915,0,0,8
2024-08-22,1,103,298.78400205120306,9.567847837270751,0,0,8
2024-08-23,1,101,240.2728539282972,5.372892738736913,0,0,8
2024-08-24,3,102,218.10485521416712,5.05871158603086,0,1,8
2024-08-25,2,102,257.84572992585987,8.408115167480066,1,1,8
2024-08-26,3,102,256.6409955937597,11.096094302014931,0,0,8
2024-08-27,2,103,297.63828549902155,17.768917510430903,0,0,8
2024-08-28,1,101,311.2061687640696,16.97726364395638,0,0,8
2024-08-29,2,102,287.07445297302377,9.007478938819848,0,0,8
2024-08-30,1,101,232.61408588956525,8.66810664476449,0,0,8
2024-08-31,2,102,206.4974786875496,8.409831066050412,0,1,8
2024-09-01,3,103,210.0955746536572,10.088560107933006,0,1,9
2024-09-02,1,103,269.1381724193325,12.47298079342528,0,0,9
2024-09-03,3,101,300.1885931832555,11.580016580473632,0,0,9
2024-09-04,3,103,295.81015582598286,8.274097981722406,0,0,9
2024-09-05,1,103,278.73265202527654,6.956771149154271,0,0,9
2024-09-06,1,101,244.32701348063495,5.188667187292931,0,0,9
2024-09-07,3,102,216.26563514866658,7.309448579997557,0,1,9
2024-09-08,3,103,210.91944395054546,15.580345552911773,0,1,9
2024-09-09,3,101,260.0182220088006,8.654578540183744,0,0,9
2024-09-10,3,103,300.12527387467867,12.029027151822646,0,0,9
2024-09-11,1,103,311.80390164771893,13.86951723384867,0,0,9
2024-09-12,1,103,285.78388009605334,18.302613542474106,0,0,9
2024-09-13,3,103,234.43612388594948,18.332826475901292,0,0,9
2024-09-14,2,101,224.4330108222309,16.186006005220385,0,1,9
2024-09-15,2,101,282.4713588795461,5.527354880727521,1,1,9
2024-09-16,1,101,246.30320785061943,13.626056286281223,0,0,9
2024-09-17,3,103,311.46956976607123,16.798752062472598,0,0,9
2024-09-18,3,103,310.20782083186185,5.259320671450448,0,0,9
2024-09-19,1,103,288.24771814845514,13.245269204848674,0,0,9
2024-09-20,2,101,247.96015862686477,17.866462186790443,0,0,9
2024-09-21,2,103,213.0175022343363,12.111531137634003,0,1,9
2024-09-22,2,102,220.79064071217084,5.061593043461727,0,1,9
2024-09-23,1,103,250.00932082293912,5.165200375034112,0,0,9
2024-09-24,2,102,311.236811588322,11.249540561206258,0,0,9
2024-09-25,1,103,387.0973083008046,7.325130011251319,1,0,9
2024-09-26,1,101,280.13776324659614,14.966759856398893,0,0,9
2024-09-27,3,103,310.99550406763535,15.631988973592309,1,0,9
2024-09-28,2,102,229.03095666710155,7.668196931909429,0,1,9
2024-09-29,1,102,225.86598139992174,18.327999327867275,0,1,9
2024-09-30,2,103,325.9302551461684,11.628617674683888,1,0,9
2024-10-01,2,102,320.43619627566017,7.142688613878856,0,0,10
2024-10-02,3,102,323.297885094239,16.463773971040933,0,0,10
2024-10-03,2,101,271.46143136343215,16.849617500251593,0,0,10
2024-10-04,3,103,229.2976953544001,14.589432089981862,0,0,10
2024-10-05,1,103,205.47900034280931,17.801983298038294,0,1,10
2024-10-06,2,103,215.37620133752847,16.06059458046007,0,1,10
2024-10-07,1,102,256.719008338727,18.233086058404858,0,0,10
2024-10-08,2,103,312.07065358660924,11.508320727282193,0,0,10
2024-10-09,1,103,324.9943667024166,16.213956921491636,0,0,10
2024-10-10,2,101,282.21984983020445,19.996273451435666,0,0,10
2024-10-11,2,101,241.11794488790568,15.873967962794287,0,0,10
2024-10-12,2,101,225.3609568293071,6.712756703556982,0,1,10
2024-10-13,2,102,232.31972237817556,12.774780836437746,0,1,10
2024-10-14,2,103,272.7239332917743,13.81021686864542,0,0,10
2024-10-15,2,101,298.13680361500343,7.613160126070865,0,0,10
2024-10-16,2,101,310.12154482679284,19.443374512670566,0,0,10
2024-10-17,2,101,298.40784098725646,7.633696664519245,0,0,10
2024-10-18,2,103,251.36651599411266,7.663368795698341,0,0,10
2024-10-19,1,103,229.6698568500022,18.727507069618326,0,1,10
2024-10-20,3,103,229.68868240193237,11.978081496825066,0,1,10
2024-10-21,2,102,273.1526666100915,5.947824189117743,0,0,10
2024-10-22,3,102,300.6250058072623,13.972812499077929,0,0,10
2024-10-23,2,101,321.66889385046403,14.027395229495717,0,0,10
2024-10-24,2,103,283.01399727332785,5.967511380298427,0,0,10
2024-10-25,1,101,251.03112254771125,19.58783743450493,0,0,10
2024-10-26,1,103,227.39253935617907,13.160449479418634,0,1,10
2024-10-27,3,103,229.46904933658078,13.396935832696464,0,1,10
2024-10-28,1,103,310.10181513810056,12.801731217535917,1,0,10
2024-10-29,1,102,307.5194987750506,14.1609766946693,0,0,10
2024-10-30,3,102,316.61979460491403,8.964496291606324,0,0,10
2024-10-31,1,103,335.3364530087118,9.308620219622611,1,0,10
2024-11-01,2,101,258.09344484639854,12.670086346941991,0,0,11
2024-11-02,3,103,241.50984239583374,17.100287821453694,0,1,11
2024-11-03,3,103,236.6408246585151,5.747968647412683,0,1,11
2024-11-04,2,101,276.21603236017694,14.05106318330369,0,0,11
2024-11-05,1,103,321.7986288756804,17.10167213759471,0,0,11
2024-11-06,3,101,322.9517753904219,7.353759080558407,0,0,11
2024-11-07,3,102,297.4051060623894,5.225338129708494,0,0,11
2024-11-08,2,102,263.5293952933707,9.69069942712187,0,0,11
2024-11-09,2,101,225.9968810109377,13.822155600943972,0,1,11
2024-11-10,1,102,244.17833342243273,7.074247601071216,0,1,11
2024-11-11,3,102,266.80337829819564,11.391835564587282,0,0,11
2024-11-12,1,101,313.43516424525757,13.28482246061417,0,0,11
2024-11-13,1,102,339.63683787312453,13.983246421359757,0,0,11
2024-11-14,2,103,308.13801896015366,9.116175815005628,0,0,11
2024-11-15,3,103,266.30946772902223,11.00044453979437,0,0,11
2024-11-16,3,101,224.823408132913,16.675088436013382,0,1,11
2024-11-17,3,102,253.05059661364223,19.118220411810285,0,1,11
2024-11-18,2,103,282.72064538896564,17.92820496677386,0,0,11
2024-11-19,2,103,328.3966897302873,13.464252526001479,0,0,11
2024-11-20,2,102,328.6418631323961,11.154392044159199,0,0,11
2024-11-21,2,102,296.18577248372713,9.994349215571273,0,0,11
2024-11-22,2,103,257.39916534565083,6.874348491260271,0,0,11
2024-11-23,3,103,243.95425324240998,6.598268708241695,0,1,11
2024-11-24,1,101,247.22178042293075,15.325364373704865,0,1,11
2024-11-25,3,101,295.9313471517413,8.896916242567405,0,0,11
2024-11-26,1,103,316.6460769902235,8.819925296486701,0,0,11
2024-11-27,2,101,338.92909196981833,19.972925817166786,0,0,11
2024-11-28,1,103,309.5099877656849,7.818889368106931,0,0,11
2024-11-29,3,103,269.7595009793117,7.220896392332445,0,0,11
2024-11-30,3,101,237.3498324317021,6.480278416398809,0,1,11
2024-12-01,1,101,257.6517159283557,13.697080177501942,0,1,12
2024-12-02,2,102,293.3947415532831,14.417957390031521,0,0,12
2024-12-03,2,102,331.1420229532729,10.47841889385323,0,0,12
2024-12-04,3,102,388.6433969428538,13.031200032672016,1,0,12
2024-12-05,1,103,329.06827653672235,16.825992964173686,0,0,12
2024-12-06,2,101,276.34756252331016,17.271562524826226,0,0,12
2024-12-07,2,103,245.9667224724874,19.368681135734725,0,1,12
2024-12-08,3,101,298.0059548737853,17.364019788843116,1,1,12
2024-12-09,2,103,289.0664218714379,13.4726215507614,0,0,12
2024-12-10,1,102,338.8396488164687,7.694854487552689,0,0,12
2024-12-11,3,102,358.1792671798263,6.496453365542636,0,0,12
2024-12-12,3,102,319.8148558638657,5.817678348662888,0,0,12
2024-12-13,1,103,278.11713526339236,14.997887476780756,0,0,12
2024-12-14,3,101,246.75829056364972,17.113043830969897,0,1,12
2024-12-15,2,101,289.95772235087964,12.630259260261186,1,1,12
2024-12-16,2,102,301.8989607060739,5.820712622504599,0,0,12
2024-12-17,1,102,336.6911509029827,13.032058618870073,0,0,12
2024-12-18,2,102,382.9461858087823,19.036238922868257,1,0,12
2024-12-19,1,102,325.7012121199795,13.964197863986907,0,0,12
2024-12-20,1,101,286.01937210918516,17.141412326942223,0,0,12
2024-12-21,2,103,267.6753706260251,17.00228972587626,0,1,12
2024-12-22,1,103,258.03992201743085,18.981936496709793,0,1,12
2024-12-23,2,103,309.84259779756303,16.5534314847481,0,0,12
2024-12-24,3,103,348.6464939375821,16.21550771019634,0,0,12
2024-12-25,3,102,407.77912159980167,8.511539974559609,1,0,12
2024-12-26,1,102,368.00652616448286,5.898877329816222,1,0,12
2024-12-27,2,102,287.00350200181424,12.763991975807116,0,0,12
2024-12-28,2,103,262.66697633617315,6.866513119201327,0,1,12
2024-12-29,3,102,320.31654957022226,19.432938144169867,1,1,12
2024-12-30,3,102,310.84596167768734,9.34887143949543,0,0,12
2024-12-31,2,101,357.65413668596403,17.794163050764396,0,0,12
2025-01-01,1,101,407.54850678271595,10.81436937803689,1,0,1
2025-01-02,3,102,333.1735506035159,9.847913747860662,0,0,1
2025-01-03,1,101,296.5016245559676,19.027378585649316,0,0,1
2025-01-04,1,101,266.1655577709698,10.44983858129336,0,1,1
2025-01-05,3,102,271.53606224423163,10.854318629947047,0,1,1
2025-01-06,1,102,321.3427077258872,6.591376694193638,0,0,1
2025-01-07,1,102,349.1485890107885,15.056699979237639,0,0,1
2025-01-08,2,102,352.5168011202359,9.332591217162703,0,0,1
2025-01-09,1,103,339.17691448364025,13.784062517592607,0,0,1
2025-01-10,2,103,312.4996422286151,13.870275560798142,0,0,1
2025-01-11,3,102,269.15716348111795,15.787995433936505,0,1,1
2025-01-12,3,101,277.5201921368608,16.178622292586617,0,1,1
2025-01-13,2,102,368.78501407863655,12.716786516023092,1,0,1
2025-01-14,3,102,365.11458487889183,9.964879214051045,0,0,1
2025-01-15,1,101,356.47214415483523,17.561763422521008,0,0,1
2025-01-16,1,103,348.1205515751293,9.64798474112727,0,0,1
2025-01-17,1,102,311.43052373611124,12.612636417039973,0,0,1
2025-01-18,3,102,276.07424354349325,11.01878874805592,0,1,1
2025-01-19,1,103,283.4224289826535,17.82617578954532,0,1,1
2025-01-20,3,103,330.2046564173375,11.478777967187431,0,0,1
2025-01-21,1,101,360.9840278779916,10.791487832562265,0,0,1
2025-01-22,2,103,376.3236462413493,15.347355393464563,0,0,1
2025-01-23,3,103,352.9530904097653,14.03661664792164,0,0,1
2025-01-24,3,103,362.23061168245454,6.608702502437691,1,0,1
2025-01-25,1,101,286.86581163465564,12.622532095159448,0,1,1
2025-01-26,3,103,300.19200172273577,16.032175824998717,0,1,1
2025-01-27,3,103,328.9512357444809,19.881121468870344,0,0,1
2025-01-28,2,101,368.706622543782,14.437202509554787,0,0,1
2025-01-29,2,103,381.02127210454506,10.554395996619768,0,0,1
2025-01-30,1,103,355.6247707279202,8.392273997031776,0,0,1
2025-01-31,2,101,354.2064074623002,18.092453512299805,1,0,1
2025-02-01,1,102,293.4827016754409,17.21847818170254,0,1,2
2025-02-02,1,101,299.7800632667342,8.508842311690774,0,1,2
2025-02-03,1,103,339.5095245155183,8.009481352198602,0,0,2
2025-02-04,3,103,444.04436670535074,15.727051652167635,1,0,2
2025-02-05,2,103,373.51721806759446,9.724280928781392,0,0,2
2025-02-06,1,101,356.0881651294619,9.595981975429368,0,0,2
2025-02-07,2,103,318.3177838231152,7.284353706014829,0,0,2
2025-02-08,1,103,295.87828086473303,8.959632795647448,0,1,2
2025-02-09,2,101,303.1403989003951,11.412613363889744,0,1,2
2025-02-10,2,102,343.83373979747614,15.992575059086233,0,0,2
2025-02-11,1,102,395.5214319254219,10.044621416206247,0,0,2
2025-02-12,3,103,382.76660532753067,9.92906509219764,0,0,2
2025-02-13,2,101,369.2988668922377,9.273698788286538,0,0,2
2025-02-14,3,103,322.48896763240367,12.174255012665645,0,0,2
2025-02-15,3,101,294.0091259742301,7.70955046911973,0,1,2
2025-02-16,1,101,298.23009651702375,12.284461010481884,0,1,2
2025-02-17,1,102,349.88149332104956,15.562633342920348,0,0,2
2025-02-18,1,102,393.52645718469347,5.446857560489333,0,0,2
2025-02-19,2,101,390.72813081256044,5.146690704586428,0,0,2
2025-02-20,1,103,367.2161339830076,6.126843652317638,0,0,2
2025-02-21,1,102,337.36123082361325,13.034900925921681,0,0,2
2025-02-22,2,103,308.83565309620525,17.81682624778105,0,1,2
2025-02-23,2,102,316.0101689526752,5.073266990303779,0,1,2
2025-02-24,1,102,342.6144062188139,19.049919568770214,0,0,2
2025-02-25,1,103,380.2115196673961,6.594177673558037,0,0,2
2025-02-26,1,102,467.26030260232375,17.629752920873393,1,0,2
2025-02-27,1,102,374.80347992102634,12.2428214747442,0,0,2
2025-02-28,3,103,327.8987395875308,14.89036080918266,0,0,2
2025-03-01,3,102,288.3226917113093,12.660244766707736,0,1,3
2025-03-02,1,102,307.44611939964733,12.15572337769032,0,1,3
2025-03-03,3,102,350.9986656168629,17.52349142546587,0,0,3
2025-03-04,2,103,380.5435004529039,16.338295693517246,0,0,3
2025-03-05,3,101,399.6437962827674,12.251033547845063,0,0,3
2025-03-06,3,103,382.02920292524,6.6745389409409235,0,0,3
2025-03-07,1,101,319.0705149094652,6.731044389716122,0,0,3
2025-03-08,3,102,296.43999475096393,17.023091910786132,0,1,3
2025-03-09,3,101,311.50844169833476,12.940859320213,0,1,3
2025-03-10,3,103,348.0055150078754,12.223837103290439,0,0,3
2025-03-11,3,103,385.494401207354,15.208502620410727,0,0,3
2025-03-12,2,102,403.5382892505557,17.882623751213906,0,0,3
2025-03-13,1,101,374.8668456711117,14.433097166199579,0,0,3
2025-03-14,1,102,326.8508818441136,16.442718535197187,0,0,3
2025-03-15,2,102,306.16267725714084,16.479057861754356,0,1,3
2025-03-16,3,103,311.17304825193327,10.343921731894387,0,1,3
2025-03-17,2,101,366.61167129394687,9.111247934614935,0,0,3
2025-03-18,3,101,390.04175023102505,17.017461007627382,0,0,3
2025-03-19,2,101,413.0264914428146,10.657681876763654,0,0,3
2025-03-20,1,101,379.2955789894289,18.55004009784058,0,0,3
2025-03-21,1,102,324.21984186787034,6.045360450951795,0,0,3
2025-03-22,1,102,298.47157727783593,5.873262681130095,0,1,3
2025-03-23,3,103,313.4216193581403,18.905062401521125,0,1,3
2025-03-24,3,102,357.79966245099877,14.726823712721522,0,0,3
2025-03-25,2,102,393.1689283554015,10.693990346724984,0,0,3
2025-03-26,2,103,400.0926414712087,16.325906222242743,0,0,3
2025-03-27,1,103,377.30050394247627,15.084902149904618,0,0,3
2025-03-28,3,103,342.16336290851746,12.968015702293943,0,0,3
2025-03-29,2,102,310.3535337643337,6.48310013993977,0,1,3
2025-03-30,3,102,313.2418688916458,17.182693809391274,0,1,3
2025-03-31,3,103,362.5580809177711,17.99034786020937,0,0,3
2025-04-01,1,103,391.865409963579,7.582530328289737,0,0,4
2025-04-02,1,103,416.7270987821579,17.757674779656,0,0,4
2025-04-03,3,102,380.8728678967012,18.167709665248463,0,0,4
2025-04-04,3,102,333.6735828461242,13.24142918432774,0,0,4
2025-04-05,3,101,318.80157744004146,14.842685543340306,0,1,4
2025-04-06,3,102,308.62772248434203,10.733559800217371,0,1,4
2025-04-07,1,102,361.88174903460714,9.22687471263899,0,0,4
2025-04-08,2,102,407.1269156386046,15.829747204274671,0,0,4
2025-04-09,1,103,405.92648346949596,17.92812723523712,0,0,4
2025-04-10,2,102,382.01019145826416,14.811163294336213,0,0,4
2025-04-11,3,103,340.7489235338751,12.673859159698239,0,0,4
2025-04-12,2,101,324.81503187280674,7.383871502662574,0,1,4
2025-04-13,1,101,308.57940561918116,5.801880689072273,0,1,4
2025-04-14,1,103,353.7717941327481,11.685376853701197,0,0,4
2025-04-15,3,103,450.17802452070765,5.740243455461319,1,0,4
2025-04-16,1,103,405.69372529174683,13.540019478608377,0,0,4
2025-04-17,3,102,384.7163044305838,10.740937869766569,0,0,4
2025-04-18,1,101,338.39411368523076,16.35783679522954,0,0,4
2025-04-19,1,103,314.3995232849121,9.58472745254275,0,1,4
2025-04-20,3,102,326.1034403600965,13.894740514511481,0,1,4
2025-04-21,2,101,372.23563218514994,13.065252826326507,0,0,4
2025-04-22,1,102,400.3593934100991,5.0706863828336175,0,0,4
2025-04-23,2,101,419.03802118313934,6.085840973964656,0,0,4
2025-04-24,1,102,377.0012902724027,9.355523187290308,0,0,4
2025-04-25,1,101,336.6201202955005,18.23352621531148,0,0,4
2025-04-26,1,101,311.5668989584765,7.205224323496679,0,1,4
2025-04-27,1,102,326.2125507654109,15.663414956908124,0,1,4
2025-04-28,2,103,381.28686025592674,19.60049849228431,0,0,4
2025-04-29,2,101,407.35313923183514,16.858513290367327,0,0,4
2025-04-30,1,103,437.24800641442215,8.64418042530566,1,0,4
2025-05-01,1,102,387.8813398618708,18.625478906196225,0,0,5
2025-05-02,2,103,341.44398959238873,6.396607347625851,0,0,5
2025-05-03,3,103,319.33505541959335,12.022129128061037,0,1,5
2025-05-04,3,103,320.92547835648077,18.313128615896204,0,1,5
2025-05-05,2,103,411.8500561059701,14.618985638853047,1,0,5
2025-05-06,1,103,388.9571262937484,11.204668470915482,0,0,5
2025-05-07,1,101,413.52500955879646,9.392193001057532,0,0,5
2025-05-08,3,101,369.37851668744355,10.62649107977525,0,0,5
2025-05-09,3,101,344.8885998221389,12.634126715139294,0,0,5
2025-05-10,2,102,312.7276788929759,9.785658948092111,0,1,5
2025-05-11,3,103,318.26671031774873,19.534517931234497,0,1,5
2025-05-12,2,101,373.2355102300003,18.996164795992176,0,0,5
2025-05-13,3,102,403.19742169630695,18.06007202321481,0,0,5
2025-05-14,3,101,412.71578982444083,11.327447532839802,0,0,5
2025-05-15,3,101,435.60101485373684,15.369526540028433,1,0,5
2025-05-16,1,103,347.9823294565065,18.54243960553947,0,0,5
2025-05-17,1,102,312.7739017911777,17.756442315183918,0,1,5
2025-05-18,1,103,325.26612437000404,11.214905210303115,0,1,5
2025-05-19,3,103,360.18882719699974,6.6857907398339105,0,0,5
2025-05-20,2,101,413.1053669983026,6.134455457518242,0,0,5
2025-05-21,2,103,449.5473044979452,13.65596067838554,1,0,5
2025-05-22,2,102,366.3398686631415,14.639419028163974,0,0,5
2025-05-23,2,103,351.7586456324102,17.747639068955362,0,0,5
2025-05-24,1,103,308.50788022017525,9.387725305115467,0,1,5
2025-05-25,1,103,329.9585554670899,7.512057358250637,0,1,5
2025-05-26,3,101,362.8405136885395,10.685087497672992,0,0,5
2025-05-27,3,102,396.7171236841677,10.303626854484126,0,0,5
2025-05-28,2,101,403.1517558384131,6.987034310267822,0,0,5
2025-05-29,1,101,403.8742572205756,15.084239787697282,0,0,5
2025-05-30,2,101,335.25561879293423,12.63037911094064,0,0,5
2025-05-31,3,101,309.96829862855964,15.816841341721494,0,1,5
2025-06-01,3,101,317.3832906000671,10.290366802546021,0,1,6
2025-06-02,2,102,361.2304475965665,9.885533173665534,0,0,6
2025-06-03,3,103,394.0731487300556,12.088637795657835,0,0,6
2025-06-04,2,101,410.4747744329007,18.161110180927203,0,0,6
2025-06-05,1,101,388.16518155492554,5.604219601009705,0,0,6
2025-06-06,2,102,340.5153705686309,17.07249225944708,0,0,6
2025-06-07,1,102,298.19780878418965,10.534814189866347,0,1,6
2025-06-08,1,103,385.36225223077065,17.819285386827165,1,1,6
2025-06-09,3,102,347.4023028942886,17.033045132537847,0,0,6
2025-06-10,3,103,403.21760787431526,10.231418710941327,0,0,6
2025-06-11,3,101,404.5928025259792,15.40814802982424,0,0,6
2025-06-12,2,101,365.25775153119514,7.3944913516016015,0,0,6
2025-06-13,2,103,337.58346290625343,18.444223282456818,0,0,6
2025-06-14,3,102,300.2424112145792,11.067365966778642,0,1,6
2025-06-15,2,103,309.60560625059907,11.834384230328002,0,1,6
2025-06-16,3,102,375.4029162519725,15.586385765554773,0,0,6
2025-06-17,2,101,407.19773510143784,17.312603550572764,0,0,6
2025-06-18,1,102,403.5534574199157,8.545141149923143,0,0,6
2025-06-19,1,103,395.19995365939286,14.920252098154931,0,0,6
2025-06-20,3,103,329.50823730411275,10.879970658337228,0,0,6
2025-06-21,2,101,305.15078808171313,10.53054386005942,0,1,6
2025-06-22,2,102,308.4986206455626,15.35038735910982,0,1,6
2025-06-23,1,102,354.2816077855529,10.807749112339014,0,0,6
2025-06-24,1,102,396.06314762859535,10.191627502466115,0,0,6
2025-06-25,3,101,403.4066387304664,17.538326121893636,0,0,6
2025-06-26,1,102,379.0419551675268,6.519141857465096,0,0,6
2025-06-27,3,103,325.34011373683626,15.13838934245316,0,0,6
2025-06-28,1,102,302.97359716631115,8.730880906859369,0,1,6
2025-06-29,1,101,304.313422796171,5.232473627392855,0,1,6
2025-06-30,2,102,338.08946578893466,7.501464033090381,0,0,6
2025-07-01,1,102,394.8651263292145,14.099922946638015,0,0,7
2025-07-02,1,103,393.20380471495105,15.636907872289061,0,0,7
2025-07-03,3,102,404.71768553956383,5.3158667533448005,1,0,7
2025-07-04,1,103,341.13085943690777,5.546381649525802,0,0,7
2025-07-05,3,103,350.46971495540015,18.538131722644295,1,1,7
2025-07-06,1,101,309.1020275556248,6.099587271705797,0,1,7
